address	latitude_permanence	longitude_permanence
's Herenbaan  2840 Rumst (Reet)	51.1094852	4.3592976
4790 Burg-Reuland (Burg-Reuland)	50.19607735	6.13477667235682
A. Rodenbachstraat  8370 Blankenberge (Blankenberge)	51.3090178	3.124276
Aartrijkestraat  8820 Torhout (Torhout)	51.0724647	3.0995801
Adolf Van Glabbekeplein  8400 Oostende (Oostende)	NA	NA
All√©e de l'Absent  4000 Li√®ge (Li√®ge)	NA	NA
AllÈe de l'Absent  4000 LiËge (LiËge)	50.6527398	5.5793158
Alois Blommaertstraat  2990 Wuustwezel (Wuustwezel)	51.3928005	4.6009126
Alte Aachener Stra√üe  4780 Sankt Vith (Sankt Vith)	NA	NA
Alte Aachener Straﬂe  4780 Sankt Vith (Sankt Vith)	NA	NA
Ambachtsstraat  2400 Mol (Mol)	51.1895677	5.095847
Antwerpsebaan  2040 Antwerpen (Albertdok)	NA	NA
Antwerpsesteenweg  2660 Antwerpen (Hoboken)	51.1821187	4.371354
Atletenstraat  2020 Antwerpen (Antwerpen)	51.1850528	4.3838563
Attenhovenstraat  3400 Landen (Landen)	50.7567993	5.0809704
August Vermeylenlaan  2050 Antwerpen (Antwerpen)	51.2312671	4.3786698
Augustijnslei  2930 Brasschaat (Brasschaat)	51.3008783	4.4869687
Avenue Albert 1er  5000 Namur (Namur)	50.4661747	4.8777058
Avenue Baudouin de Constantinople  7000 Mons (Mons)	50.4537911	3.9590105
Avenue Britsiers  1030 Schaerbeek (Schaerbeek)	50.8691462	4.3850802
Avenue de Barry  7700 Mouscron (Mouscron)	50.7358751	3.2195315
Avenue de F√©camp  7700 Mouscron (Mouscron)	NA	NA
Avenue de FÈcamp  7700 Mouscron (Mouscron)	50.748652	3.2223936
Avenue De Fr√©  1180 Uccle (Uccle)	NA	NA
Avenue De Fr√©;De Fr√©laan  1180 Uccle (Uccle);Ukkel (Ukkel)	NA	NA
Avenue De FrÈ  1180 Uccle (Uccle)	50.8031574	4.3412639
Avenue de Houffalize  6800 Libramont-Chevigny (Libramont)	49.9262312	5.3825562
Avenue de l'Arbre Ballon  1090 Jette	50.8906488	4.3088116
Avenue de l'Arbre Ballon  1090 Jette (Jette)	50.8906488	4.3088116
Avenue de l'Europe  7321 Bernissart (Blaton)	50.5080339	3.6651717
Avenue de l'H√¥pital  4000 Li√®ge (Angleur)	NA	NA
Avenue de l'HÙpital  4000 LiËge (Angleur)	NA	NA
Avenue de la R√©sistance  4300 Waremme (Waremme)	NA	NA
Avenue de la RÈsistance  4300 Waremme (Waremme)	50.691556	5.2488188
Avenue de Maire  7500 Tournai (Tournai)	50.6137002	3.3778746
Avenue Desandrouin  59300 FRA-Valenciennes	NA	NA
Avenue Dewandre  4650 Herve (Herve)	50.6423052	5.7948573
Avenue du Centenaire  4102 Seraing (Ougr√©e)	NA	NA
Avenue du Centenaire  4102 Seraing (OugrÈe)	50.5859128	5.547339
Avenue du Docteur Gaston Th√©rasse  5530 Yvoir (Mont)	NA	NA
Avenue du Docteur Gaston ThÈrasse  5530 Yvoir (Mont)	NA	NA
Avenue Hippocrate  1200 Woluwe-Saint-Lambert (Woluwe-Saint-Lambert)	50.8526246	4.4553618
Avenue Jean Joseph Crocq  1020 Bruxelles (Laeken)	NA	NA
Avenue Max Buset  7100 La Louvi√®re (La Louvi√®re)	NA	NA
Avenue Max Buset  7100 La LouviËre (La LouviËre)	50.4751089	4.202382
Avenue Reine Elisabeth  5300 Andenne (Andenne)	50.4912886	5.0867695
Avenue Reine Fabiola  1340 Ottignies-Louvain-la-Neuve (Ottignies)	50.6671366	4.5621626
Avenue Ren√© Soyer  1310 La Hulpe (La Hulpe)	NA	NA
Avenue RenÈ Soyer  1310 La Hulpe (La Hulpe)	50.7290251	4.49140409847469
Avenue Victor Regnart  7370 Dour (Dour)	50.3911839	3.7731814
Bedrijvenpark Coupure  9700 Oudenaarde (Bevere)	50.8377683	3.59163437842114
Bedrijvenpark De Veert  2830 Willebroek (Willebroek)	51.0670859	4.3550169
Begijnhof  3740 Bilzen (Bilzen)	50.8696089	5.5199588
Bergense Steenweg  1070 Anderlecht	50.8429504	4.3327136
Bergstraat  2220 Heist-op-den-Berg (Heist-op-den-Berg)	51.0760273	4.7227647
Bestormingsstraat  2018 Antwerpen (Antwerpen)	NA	NA
Beverenstraat  8810 Lichtervelde (Lichtervelde)	51.0030026	3.1511453
Bierleux  4990 Lierneux (Bra)	50.3217136	5.7298046
Bijkhoevelaan  2110 Wijnegem (Wijnegem)	51.235643	4.4923065
Bisschopslaan  2340 Beerse (Beerse)	51.3157502	4.8562498
Blauwbossen  2322 Hoogstraten (Minderhout)	51.4419501	4.8022726
Bloemendaelelaan  9990 Maldegem (Maldegem)	51.2125557	3.4529634
Bocholterstraat  3960 Bree (Beek)	51.1521486	5.5964356
Botermarkt  2270 Herenthout (Herenthout)	51.1398248	4.7557413
Boudewijnlaan  3200 Aarschot (Aarschot)	50.9820669	4.8238073
Boulevard de Patience et Beaujonc  4000 Li√®ge (Glain)	NA	NA
Boulevard de Patience et Beaujonc  4000 LiËge (Glain)	50.6463956	5.5348879
Boulevard des Souverains  5500 Dinant (Dinant)	50.2527456	4.9166857
Boulevard du 12√®me de Ligne  4000 Li√®ge (Li√®ge)	NA	NA
Boulevard du 12Ëme de Ligne  4000 LiËge (LiËge)	50.6519167	5.5750971
Boulevard du Jardin Botanique  1000 Bruxelles (Bruxelles)	50.8548549	4.3595513
Boulevard du Roi Baudouin  7100 La Louvi√®re (La Louvi√®re)	NA	NA
Boulevard du Roi Baudouin  7100 La LouviËre (La LouviËre)	50.4656685	4.1882188
Boulevard du Triomphe  1050 Elsene	50.8234993	4.3992025
Boulevard du Triomphe  1160 Auderghem (Auderghem)	50.8181579	4.4027369
Boulevard Louise  6460 Chimay (Chimay)	50.0467579	4.313103
Boulevard Pr√©sident Kennedy  7000 Mons (Mons)	NA	NA
Boulevard PrÈsident Kennedy  7000 Mons (Mons)	50.4590713	3.96051
Boulevard ZoÈ Drion  6000 Charleroi (Charleroi)	50.4139046	4.4519766
Brandweerplein  1840 Londerzeel (Londerzeel)	51.0041581	4.3066146
Brandweerstraat  8300 Knokke-Heist (Knokke)	51.3398909	3.2863133
Bredabaan  2930 Brasschaat (Brasschaat)	51.3088289	4.5084766
Briekestraat  8900 Ieper (Sint-Jan)	50.8775775	2.8993871
Broekstraat 46A 2220 Heist-op-den-Berg (Hallaar)	51.0830406	4.7357597
Bruggestraat  8700 Tielt (Tielt)	51.0009093	3.3259691
Brusselsesteenweg  1500 Halle (Halle)	50.7456341	4.2425757
Burgemeester Dupontplein  3990 Peer (Peer)	51.1327464	5.4421156
C-Mine  3600 Genk (Genk)	50.9832653	5.4889391
Caserne Callemeyn  6700 Arlon (Arlon)	49.6902951	5.8219361
Charles Degrouxstraat  1040 Etterbeek (Etterbeek)	50.8415816	4.4000444
Chauss√©e d'Arlon  6840 Neufch√¢teau (Neufch√¢teau)	NA	NA
Chauss√©e d'Ypres  7784 Comines-Warneton (Warneton)	NA	NA
Chauss√©e de Braine  7060 Soignies (Soignies)	NA	NA
Chauss√©e de Bruxelles  6042 Charleroi (Lodelinsart)	NA	NA
Chauss√©e de Charleroi  1400 Nivelles (Nivelles)	NA	NA
Chauss√©e de Houffalize  6600 Bastogne (Bastogne)	NA	NA
Chauss√©e de Li√®ge 55/57 5100 Namur (Jambes)	NA	NA
Chauss√©e de Mons  6500 Beaumont (Beaumont)	NA	NA
Chauss√©e de Mons 37A 6460 Chimay (Chimay)	NA	NA
Chauss√©e de Mont-Saint-Jean  1420 Braine-l'Alleud (Braine-l'Alleud)	NA	NA
Chauss√©e de Namur  1301 Wavre (Bierges)	NA	NA
Chauss√©e de Namur  5310 Eghez√©e (Eghez√©e)	NA	NA
Chauss√©e de Nivelles  6041 Charleroi (Gosselies)	NA	NA
Chauss√©e de Philippeville  6280 Gerpinnes (Loverval)	NA	NA
ChaussÈe d'Arlon  6840 Neufch‚teau (Neufch‚teau)	NA	NA
ChaussÈe d'Ypres  7784 Comines-Warneton (Warneton)	50.7578137	2.9452593
ChaussÈe de Braine  7060 Soignies (Soignies)	50.5862716	4.0860576
ChaussÈe de Bruxelles  6042 Charleroi (Lodelinsart)	50.4287153	4.4407052
ChaussÈe de Charleroi  1400 Nivelles (Nivelles)	50.5816119	4.3395388
ChaussÈe de Houffalize  6600 Bastogne (Bastogne)	50.0112285	5.7228773
ChaussÈe de LiËge 55/57 5100 Namur (Jambes)	50.4640601	4.8925771
ChaussÈe de Mons  6500 Beaumont (Beaumont)	50.2403398	4.2364327
ChaussÈe de Mons 37A 6460 Chimay (Chimay)	50.05532155	4.30676314242038
ChaussÈe de Mont-Saint-Jean  1420 Braine-l'Alleud (Braine-l'Alleud)	50.6871774	4.386843
ChaussÈe de Namur  1301 Wavre (Bierges)	50.7004679	4.615375
ChaussÈe de Namur  5310 EghezÈe (EghezÈe)	50.5848289	4.9116933
ChaussÈe de Nivelles  6041 Charleroi (Gosselies)	50.4690486	4.4314322
ChaussÈe de Philippeville  6280 Gerpinnes (Loverval)	50.3714869	4.4676387
Chemin Bouteiller  7011 Mons (Ghlin)	NA	NA
Chemin de Poilvache  5530 Yvoir (Evrehailles)	50.3151921	4.9142147
Chemin des Rivi√®res  7804 Ath (Rebaix)	NA	NA
Chemin des RiviËres  7804 Ath (Rebaix)	NA	NA
Cockerillkaai  2000 Antwerpen (Antwerpen)	51.2121604	4.3897684
de Merodedreef  2260 Westerlo (Westerlo)	51.0899603	4.9145868
De Merodedreef 13-15 2260 Westerlo	51.0899603	4.9145868
Deltalaan  8800 Roeselare (Rumbeke)	50.9195307	3.1685762
Diestersteenweg  3680 Maaseik (Maaseik)	51.1007086	5.6976202
diestersteenweg  3800 Sint-Truiden (Sint-Truiden)	50.8279903	5.1897419
Diestersteenweg  3800 Sint-Truiden (Sint-Truiden)	50.8279903	5.1897419
Diestsesteenweg  3300 Tienen (Sint-Margriete-Houtem)	50.8262924	4.9390566
Dijleweg  2850 Boom (Boom)	51.0963925	4.3549001
Dirk Martenslaan  8870 Izegem (Izegem)	50.9179752	3.2183683
Domaine Brunsode  4130 Esneux (Tilff)	50.5685591	5.5865374
Doorniksesteenweg  8500 Kortrijk (Kortrijk)	50.8074507	3.2800194
Doornstraat  8970 Poperinge (Poperinge)	50.8593465	2.7255628
Dranouterstraat  8950 Heuvelland (Nieuwkerke)	50.7460479	2.8225522
Drie Eikenstraat  2650 Edegem (Edegem)	51.1562257	4.4269248
Duffelsesteenweg  2550 Kontich (Kontich)	51.1228642	4.4634032
eikenboslaan  1180 ukkel (ukkel)	50.787865	4.3508781
Eikenbosweg  3570 Alken (Alken)	50.8629434	5.280372
Entrepotplaats  2000 Antwerpen (Antwerpen)	51.2276256	4.4116268
Ertbrandstraat  2950 Kapellen (Kapellen)	51.349962	4.3985436
Essenhoutstraat  2950 Kapellen (Kapellen)	51.3072941	4.4178452
Florent Pauwelslei  2100 Antwerpen (Deurne)	51.2088434	4.4727682
Gasstraat  8620 Nieuwpoort (Nieuwpoort)	51.1285036	2.757145
Gasstraat  8940 Wervik (Wervik)	50.7817015	3.0421507
Gasthuisstraat  2400 Mol (Mol)	51.1864717	5.1136782
Gasthuisstraat  9500 Geraardsbergen (Geraardsbergen)	50.7679928	3.8749228
Gendarmeriestraat  1800 Vilvoorde (Vilvoorde)	50.9287864	4.4176982
Gentsesteenweg  9900 Eeklo	51.1751856	3.5807753
Gentseweg  8793 Waregem (Sint-Eloois-Vijve)	50.8978973	3.3980626
Geraardsbergsestraat  9660 Brakel	50.7919537	3.7737149
Gijselsstraat  2140 Antwerpen (Borgerhout)	51.2151026	4.4448362
Glabbeeksesteenweg  3390 Tielt-Winge (Sint-Joris-Winge)	50.8998621	4.8893781
Grand'Route  4400 Fl√©malle (Fl√©malle-Haute)	NA	NA
Grand'Rue  6000 Charleroi (Charleroi)	50.4215385	4.4598935
Gravendreef  9120 Beveren (Beveren-Waas)	NA	NA
Gremelsloweg 7a 3680 Maaseik (Maaseik)	51.10510715	5.75034654260559
Grote Markt  2500 Lier (Lier)	51.1307182	4.5698631
Grote Markt  2800 Mechelen (Mechelen)	51.0279576	4.4809127
Grote Puttingbaan  2560 Nijlen (Kessel)	51.1485183	4.6373914
Haiglaan  8900 Ieper (Ieper)	50.8547685	2.873816
Haringestraat 26A 8972 Poperinge (Roesbrugge)	50.916733	2.6257804
Harmoniestraat 9A 2230 Herselt (Ramsel)	51.0429729	4.8161712
Hazelereik  3700 Tongeren (Tongeren)	50.7854919	5.4844934
Heernisse  8600 Diksmuide (Diksmuide)	51.0237195	2.85803209623491
Heilig Hartlaan  3980 Tessenderlo (Tessenderlo)	51.0653104	5.0948341
Herestraat  3000 Leuven (Leuven)	50.8810874	4.6729659
Herestraat  3001 Leuven (Heverlee)	50.877461	4.6829121
Hernestraat  1570 Galmaarden (Tollembeek)	50.7408337	4.0078079
Heuvelerweg  3910 Pelt (Sint-Huibrechts-Lille)	51.2348684	5.4807457
Heuvelplein  2910 Essen (Essen)	51.4648657	4.4719981
Hondsmarkt  2870 Puurs-Sint-Amands (Puurs)	51.0755072	4.2775534
Hovestraat  2370 Arendonk (Arendonk)	51.3201216	5.0911714
hufengasse  4700 Eupen (Eupen)	50.6278655	6.0266484
Ieperse Steenweg  8630 Veurne (Veurne)	51.0250741	2.6784698
IJzerenleen  2800 Mechelen (Mechelen)	51.0268697	4.4785983
IJzerstraat  2340 Beerse (Beerse)	51.3208608	4.8569548
Imeldalaan  2820 Bonheiden (Bonheiden)	51.018834	4.557186
Industrieweg  3540 Herk-de-Stad (Herk-de-Stad)	50.94463545	5.17141624652004
J.B.-Stessensstraat  2440 Geel (Geel)	51.1584803	5.0016056
Kalvekeetdijk  8300 Knokke-Heist (Westkapelle)	51.3241538	3.2966393
Kamerstraat  3583 Beringen (Paal)	51.0320656	5.1918172
KaÔrostraat  8400 Oostende (Oostende)	NA	NA
Kapelstraat  2850 Boom (Boom)	51.0858405	4.3805694
Kardinaal Cardijnplein  2880 Bornem (Bornem)	51.0994811	4.2357823
Kasteeldreef  2900 Schoten (Schoten)	51.2459993	4.4903839
Kasteelstraat  2880 Bornem (Bornem)	51.1004559	4.2316176
Kasteelstraat  9140 Temse (Temse)	51.12417915	4.21897313669355
Kazernestraat  9220 Hamme (Hamme)	51.0921798	4.1317755
Keetberglaan  9120 Beveren (Melsele)	51.2378723	4.2933674
Kehrweg 9C 4700 Eupen (Eupen)	50.6259655	6.04360894346118
Kerkeneind  2920 Kalmthout (Kalmthout)	51.3829005	4.4757966
Kerkstraat  3550 Heusden-Zolder (Viversel)	50.9950166	5.2504478
Kiezelweg  3620 Lanaken	50.8596285	5.6250885
Klein Kasteelstraat  8431 Middelkerke (Wilskerke)	51.1830993	2.8236219
Kleine Amer  2870 Puurs (Puurs)	51.0814253	4.2997383
Kleine Nieuwedijkstraat  2800 Mechelen (Mechelen)	51.0358097	4.4873773
Kliniekstraat  3300 Tienen (Tienen)	50.8114473	4.9326001
Kloosterstraat 6A 8880 Ledegem (Sint-Eloois-Winkel)	50.87716755	3.17593800644031
Klosterstra√üe 7-0/2 4780 Sankt Vith (Sankt Vith)	NA	NA
Klosterstraﬂe 7-0/2 4780 Sankt Vith (Sankt Vith)	NA	NA
Koerselsebaan  3550 Heusden-Zolder (Heusden)	51.0420097	5.2813748
Koning Albert I Laan  8800 Roeselare (Roeselare)	50.9384061	3.1253544
Koning Albertlaan  9080 Lochristi (Lochristi)	51.1120319	3.8135379
Koning Albertstraat  2381 Ravels (Weelde)	51.4098772	4.9960098
Korbeek Losestraat  3001 Leuven (Heverlee)	50.8708042	4.7208609
Kremersgat  2280 Grobbendonk (Grobbendonk)	51.1959124	4.7476398
Krommebeekstraat 34B 8930 Menen (Menen)	50.813572	3.1266317767372
Kroonveldlaan  9200 Dendermonde (Sint-Gillis-Bij-Dendermonde)	51.025749	4.1180361
lambertusstraat  3840 borgloon (hendrieken)	50.7977247	5.329465
Lange Beeldekensstraat  2060 Antwerpen (Antwerpen)	51.2217898	4.4334075
Lange Bremstraat  2170 Antwerpen (Merksem)	51.2591128	4.4535993
Leopoldstraat  2000 Antwerpen (Antwerpen)	51.2153443	4.4068281
Leuvenseweg  1000 Bruxelles (Bruxelles)	50.8476607	4.3628932
Lichtenberglaan  3800 Sint-Truiden (Sint-Truiden)	50.8034895	5.1945195
Liersesteenweg  2800 Mechelen (Mechelen)	51.0457098	4.4782536
lindendreef  2020 antwerpen (antwerpen)	51.1836988	4.4186917
Lispersteenweg  2500 Lier (Lier)	51.1385171	4.572347
Loskaai  8660 De Panne (De Panne)	51.094863	2.58364450456711
Luchthaven Brussel Nationaal  1930 Zaventem (Zaventem)	50.89833605	4.48325868142908
Maesensveld  3900 Overpelt	51.2130843	5.4162773
Markt  2900 Schoten (Schoten)	51.2512568	4.4982608
Massembre  5543 Hasti√®re (Heer)	NA	NA
Mechelsestraat  2500 Lier (Lier)	51.131406	4.564636
Michellaan  3970 Leopoldsburg (Leopoldsburg)	51.1194471	5.2669657
Miksebaan  2930 Brasschaat (Brasschaat)	51.2918757	4.5041816
Minderbroedersgang  2800 Mechelen (Mechelen)	51.0290895	4.4776805
Minderbroedersstraat  9700 Oudenaarde (Bevere)	50.8415073	3.5995894
Moerlandstraat  9100 Sint-Niklaas (Sint-Niklaas)	51.1604753	4.1502765
Mulhouselaan Noord Kaai 142 2030 Antwerpen (Antwerpen)	NA	NA
n115;sint-lenaartseweg  2320 hoogstraten (hoogstraten)	51.38807585	4.74214877023563
N117  2930 Brasschaat (Brasschaat)	51.3095315	4.557067
n30;chauss√©e de houffalize	NA	NA
N32b  8930 Menen (Menen)	50.8114233	3.1214917
N339  8000 Brugge (Brugge)	51.2213402	3.2000152
N34c  8370 Blankenberge (Blankenberge)	51.3094738	3.1243366
N50  8020 Oostkamp (Oostkamp)	51.1475258	3.2361118
n632;malmedyer strasse  4760 bullange (b√ºllingen)	NA	NA
N808  6870 Saint-Hubert (Saint-Hubert)	50.0320263	5.3834796
n828;rue des quatre moineaux 23 a 6832 bouillon (sensenruth)	NA	NA
N860  6660 Houffalize (Houffalize)	50.1676803	5.6748283
N9  8000 Brugge (Brugge)	51.2324872	3.1842307
Naamsestraat  3000 Leuven (Leuven)	50.8778231	4.7006761
Nederrij  2200 Herentals (Herentals)	51.1821409	4.8351694
Neerhofstraat  8470 Gistel (Gistel)	51.158798	2.9689988
Nicolaasstraat  9130 Beveren (Kallo)	51.2530758	4.2491761
Nieuwe Kaai  2300 Turnhout (Turnhout)	51.3259119	4.9313393
Nieuwe Markt  8560 Wevelgem (Wevelgem)	50.8111783	3.1826776
Nijverheidslaan  3660 Opglabbeek	51.0392611	5.5602518
Nijverheidsstraat  9100 Sint-Niklaas (Sint-Niklaas)	51.1696799	4.135651
Noordersingel  2140 Antwerpen (Borgerhout)	51.2228613	4.4474568
Noordlaan  9200 Dendermonde (Dendermonde)	51.0335343	4.0948591
Norbert Neeckxlaan  3920 Lommel (Lommel)	51.2262547	5.3241604
Ommegangstraat  8870 Izegem (Izegem)	50.9170115	3.2093484
Onze-Lieve-Vrouwplein  9150 Kruibeke (Kruibeke)	51.1706533	4.3121096
Onze-Lieve-Vrouwstraat  3000 Leuven (Leuven)	50.877775	4.6955074
Oostakker  2290 Vorselaar (Vorselaar)	51.2054518	4.7773262
Otterschalen  2460 Kasterlee (Kasterlee)	51.2492142	4.9722475
Oud-Strijderslaan  2200 Herentals (Herentals)	51.1777594	4.8510496
Oudaan  2000 Antwerpen (Antwerpen)	51.2157784	4.403142
Oude Bosuilbaan 54C 2100 Antwerpen (Deurne)	51.2325696	4.47177221313318
Oude Liersebaan  2390 Malle (Westmalle)	51.2733372	4.6442128
Oudenaardsesteenweg  8580 Avelgem	50.780112	3.4609892
p537;rue jean jaur√®s  4000 li√®ge (glain)	NA	NA
Parklaan  2300 Turnhout (Turnhout)	51.3152005	4.9576193
Pastoor Paquaylaan  3550 Heusden-Zolder (Heusden)	51.0456854	5.3166802
Pathoekeweg  8000 Brugge (Brugge)	51.2377934	3.217473
Place du Ballodrome  7380 Qui√©vrain (Qui√©vrain)	NA	NA
Place du Ballodrome  7380 QuiÈvrain (QuiÈvrain)	50.4056672	3.6848159
Place du Baty  8170	49.9911877	4.7102273
Place Sainte-Barbe  1348 Ottignies-Louvain-la-Neuve (Louvain-la-Neuve)	50.66827405	4.62193572754333
Plattebeekstraat  2800 Mechelen (Mechelen)	51.0282386	4.5031745
Playe  4920 Aywaille (Sougn√©-Remouchamps)	NA	NA
Playe  4920 Aywaille (SougnÈ-Remouchamps)	50.4906386	5.7137821
Pontweg  9890 Gavere	50.9337212	3.6305778
Populierenhoeve  2240 Zandhoven (Massenhoven)	51.20488415	4.64336664015149
President Kennedylaan  8500 Kortrijk (Kortrijk)	50.8017008	3.2689338
Provinciesteenweg  3150 Haacht (Wespelaar)	50.9653961	4.6102164
Puursesteenweg 147A 2880 Bornem (Bornem)	51.0919524	4.2500596
Rempart Saint-Christophe  7850 Enghien (Enghien)	50.6931179	4.0323252
Rijksweg  3630 Maasmechelen	50.9746562	5.6997644
Ringlaan  9900 Eeklo (Eeklo)	51.1894016	3.5298065
Rode Kruisplein  2845 Niel (Niel)	51.1097754	4.3392325
Roelants du Vivierlaan  3740 Bilzen (Rijkhoven)	50.8458504	5.5064305
Rondeweg  1800 Vilvoorde (Vilvoorde)	50.9255956	4.4230422
Route Baccara  7090 Braine-le-Comte (Ronqui√®res)	NA	NA
Route Charlemagne  5660 Couvin (Couvin)	50.0564153	4.4919865
Route de Lennik  1070 Anderlecht (Anderlecht)	50.8220443	4.293392
Route de Malmedy  4970 Stavelot (Stavelot)	50.4026343	5.9473611
Route du Circuit  4970 Stavelot (Francorchamps)	50.449245	5.9587682
Route Merveilleuse  5000 Namur (Namur)	50.4568349	4.8563372
Rubensstraat  2300 Turnhout (Turnhout)	51.3127174	4.9442595
Ruddershove  8000 Brugge (Brugge)	51.2239265	3.19683604924147
Rue Alfred Labb√©  54350	NA	NA
rue altenberger  4728 la calamine (hergenrath)	50.7112751	6.0180857
Rue Altenberger  4728 La Calamine (Hergenrath)	50.7112751	6.0180857
rue andr√© renard  4040 herstal (herstal)	NA	NA
Rue Andr√© Renard  4040 Herstal (Herstal)	NA	NA
rue andrÈ renard  4040 herstal (herstal)	50.6756002	5.6319324
Rue AndrÈ Renard  4040 Herstal (Herstal)	50.6756002	5.6319324
Rue Belvaux  4030 Li√®ge (Grivegn√©e)	NA	NA
Rue Belvaux  4030 LiËge (GrivegnÈe)	50.6195537	5.6029624
Rue Bertrand Janquin  5100 Namur (Jambes)	50.4553016	4.8913561
Rue Brixhe  4900 Spa (Spa)	50.4936195	5.8671806
Rue Bruno  5000 Namur (Namur)	50.4647219	4.8571879
Rue Bruyn;Bruynstraat  1120 Bruxelles (Neder-over-Heembeek);Brussel (Neder-over-Heembeek)	50.9014688	4.3856657
Rue Ch√©nia  4540 Amay (Ampsin)	NA	NA
Rue Ch√®re Voie  5060 Sambreville (Auvelais)	NA	NA
Rue ChÈnia  4540 Amay (Ampsin)	50.5403724	5.2857789
Rue ChËre Voie  5060 Sambreville (Auvelais)	50.4355602	4.6250647
Rue d'Evrehailles 24A 5530 Yvoir (Yvoir)	50.32128785	4.88236815581936
Rue d'Harnoncourt  6762 Virton (Saint-Mard)	49.5534135	5.5233769
Rue Darchis  4000 Li√®ge (Li√®ge)	NA	NA
Rue Darchis  4000 LiËge (LiËge)	50.6371034	5.5649394
Rue de Biesme  6530 Thuin (Thuin)	50.3348655	4.2962801
Rue de Bl√©zy  6880 Bertrix (Bertrix)	NA	NA
Rue de BlÈzy  6880 Bertrix (Bertrix)	49.8562602	5.2645875
Rue de Carignan 111/112 6820 Florenville (Florenville)	49.6963003	5.2999434
Rue de Chesseroux  4651 Herve (Battice)	50.6486183	5.8091108
Rue de Franquenies  1340 Ottignies-Louvain-la-Neuve (Ottignies)	50.6583325	4.5738073
Rue de Gaillarmont  4032 Li√®ge (Ch√™n√©e)	NA	NA
Rue de Gaillarmont  4032 LiËge (ChÍnÈe)	NA	NA
Rue de Goutroux  6031 Charleroi (Monceau-sur-Sambre)	50.412716	4.3745253
Rue de Goz√©e  6110 Montigny-le-Tilleul (Montigny-le-Tilleul)	NA	NA
Rue de GozÈe  6110 Montigny-le-Tilleul (Montigny-le-Tilleul)	50.3853572	4.3801222
Rue de l'Ange  5000 Namur (Namur)	50.464085	4.8653307
Rue de l'Avenir  1370 Jodoigne (Jodoigne)	50.716941	4.856544
Rue de l'Industrie  5002 Namur (Saint-Servais)	50.4755833	4.8487186
Rue de la Centrale  4000 Li√®ge (Li√®ge)	NA	NA
Rue de la Centrale  4000 LiËge (LiËge)	50.6099196	5.5415011
rue de la chauss√©e  4340 4342 awans (hognoul)	NA	NA
rue de la chaussÈe  4340 4342 awans (hognoul)	NA	NA
Rue de la Chinelle  5600 Philippeville (Franchimont)	50.1848037	4.6470402
Rue de la Clinique  6690 Vielsalm (Vielsalm)	50.2839238	5.9194874
Rue de la Couronne  7730 Estaimpuis (Evregnies)	50.7112167	3.2857775
Rue de la Croix  7870 Lens (Bauffe)	50.5743195	3.8585665
Rue de la Duch√®re  6060 Charleroi (Gilly)	NA	NA
Rue de la DuchËre  6060 Charleroi (Gilly)	50.4180931	4.4820071
Rue de la Gare 10B 5630 Cerfontaine (Cerfontaine)	50.1707934	4.4091482
Rue de la Gare Fleurie  5100 Namur (Jambes)	50.4545703	4.8759112
Rue de la Gendarmerie  5600 Philippeville (Philippeville)	50.1991056	4.5497164
Rue de la Mairie  4500 Huy (Tihange)	50.5293922	5.263009
Rue de la Morie  5575 Gedinne (Gedinne)	49.9811766	4.9354679
Rue de la P√©pini√®re  57A 7130 Binche (Binche)	NA	NA
Rue de la PÈpiniËre  57A 7130 Binche (Binche)	50.41618685	4.16323591931104
Rue de la Senne  7060 Soignies (Soignies)	50.5837477	4.0694
Rue de la Station  6540 Lobbes (Lobbes)	50.3461731	4.2616182
Rue de la Station  6850 Paliseul (Paliseul)	49.8996161	5.1263477
Rue de la Tombe  6001 Charleroi (Marcinelle)	50.3902157	4.4337187
Rue de la Tournelle  7370 Dour (Elouges)	50.3987984	3.7491525
Rue de la Vacherie  5060 Sambreville (Auvelais)	50.4445472	4.6524953
Rue de Nivelles  7110 La Louvi√®re (Str√©py-Bracquegnies)	NA	NA
Rue de Nivelles  7110 La LouviËre (StrÈpy-Bracquegnies)	50.4696517	4.1269761
Rue de Philippeville  5500 Dinant (Dinant)	50.2535141	4.8975018
Rue de Rivoli  1000 Bruxelles (Bruxelles)	50.8519771	4.3643128
Rue de Rochefort  5570 Beauraing (Beauraing)	50.1213835	4.9822463
Rue de Saint-Donat  5640 Mettet (Mettet)	50.3028986	4.6508649
Rue de Tohogne  4180 Hamoir (Hamoir)	50.4259552	5.5297605
Rue des Chaufours	49.0695521	6.2521018
Rue des Choraux  7500 Tournai (Tournai)	50.6078436	3.3871747
Rue des Combattants  6997 Erez√©e (Erez√©e)	NA	NA
Rue des Combattants  6997 ErezÈe (ErezÈe)	50.291676	5.5543984
Rue des D√©port√©s  6700 Arlon (Arlon)	NA	NA
Rue des DÈportÈs  6700 Arlon (Arlon)	49.6786348	5.8215224
Rue des Etats-Unis  7090 Braine-le-Comte (Braine-le-Comte)	50.60661125	4.13539768959846
Rue des M√©tallurgistes  6791 Aubange (Athus)	NA	NA
Rue des MÈtallurgistes  6791 Aubange (Athus)	49.5647022	5.8251022
Rue des P√©lissiers  7130 Binche (Binche)	NA	NA
Rue des Quatre Moineaux  6832 Bouillon (Sensenruth)	49.812185	5.0847761
Rue des Sandrinettes  7033 Mons (Cuesmes)	50.4450851	3.9195648
Rue des Sports  7500 Tournai (Tournai)	50.5986549	3.3840537
Rue des Trois Ponts  4500 Huy (Huy)	50.5132684	5.2392565
Rue devant les Religieuses  4960 Malmedy (Malmedy)	50.425622	6.024393
Rue du Chalet  6980 La Roche-en-Ardenne (La Roche-en-Ardenne)	50.1800996	5.5747389
Rue du Circuit  5575 Gedinne (Patignies)	49.9941109	4.9647435
Rue du Commerce  7301 Boussu (Hornu)	50.4349012	3.8304704
Rue du Fortin  6600 Bastogne (Bastogne)	49.9876253	5.7017522
Rue du Fourneau  4900 Spa (Spa)	50.4926146	5.8594848
Rue du March√© couvert  5590 Ciney (Ciney)	NA	NA
Rue du March√© Couvert  5590 Ciney (Ciney)	NA	NA
Rue du MarchÈ Couvert  5590 Ciney (Ciney)	50.3106676	5.1193329
Rue du Moulin  6760 Virton (Virton)	49.5650257	5.5351778
Rue du Parc  4800 Verviers (Verviers)	50.5826938	5.8587163
Rue du Parc Industriel  6900 Marche-en-Famenne	50.2151323	5.3170034
Rue du Pr√©sident Coty  59200 FRA-Tourcoing	NA	NA
Rue du Roi Albert  4680 Oupeye (Oupeye)	50.7030239	5.6529102
Rue du Stordoir  5030 Gembloux (Sauveni√®re)	NA	NA
Rue du Stordoir  5030 Gembloux (SauveniËre)	50.5807593	4.7154351
Rue du Viveroux 2A 5620 Florennes (Florennes)	NA	NA
Rue du Vivier  6900 Marche-en-Famenne (Aye)	50.2244872	5.3009737
Rue Edmond de S√©lys Longchamps  4300 Waremme (Waremme)	NA	NA
Rue Edmond de SÈlys Longchamps  4300 Waremme (Waremme)	50.6921704	5.2442874
Rue Ernest Malvoz  4300 Waremme (Waremme)	50.6942595	5.2571811
Rue Ferrer  1480 Tubize (Tubize)	50.6897826	4.1991217
Rue Ferrer  7100 La Louvi√®re (Haine-Saint-Paul)	NA	NA
Rue Ferrer  7100 La LouviËre (Haine-Saint-Paul)	50.4745658	4.2145508
Rue Fleurie 19A 6800 Libramont-Chevigny (Libramont)	49.9276423	5.36676115
Rue Georges Simenon  4020 Li√®ge (Li√®ge)	NA	NA
Rue Gilles MagnÈe  4430 Ans (Ans)	50.6611674	5.5278817
Rue Gustave Linet  1495 Villers-la-Ville (Sart-Dames-Avelines)	50.5599744	4.4837378
Rue Haute;Hoogstraat  1000 Bruxelles (Bruxelles);Brussel (Brussel)	50.8412817	4.3517492
Rue Horace Pi√©rard  6060 Charleroi (Gilly)	NA	NA
Rue Horace PiÈrard  6060 Charleroi (Gilly)	50.4185924	4.475193
Rue Jean Paquot  1050 Elsene (Elsene)	50.8252753	4.3795339
Rue Jean Simon  4860 Pepinster (Pepinster)	50.5659713	5.8018049
Rue Joseph Wauters  4280 Hannut (Hannut)	50.6731618	5.0909976
Rue La Ringe  5550 Vresse-sur-Semois (Alle)	49.8371466	4.9692721
Rue Laplace  4100 Seraing (Seraing)	50.5797696	5.491721
Rue Louis Caty  7331 Saint-Ghislain (Baudour)	50.4722528	3.8417789
Rue Marconi  1190 Vorst (Vorst)	50.8180679	4.3423752
Rue Maria Thom√©e	NA	NA
Rue Maria ThomÈe	50.6349252	3.7775883
Rue Mitoyenne  4840 Welkenraedt	50.6618186	5.9794459
Rue Parmentier  7100 La Louvi√®re (La Louvi√®re)	NA	NA
Rue Parmentier  7100 La LouviËre (La LouviËre)	50.488705	4.2048356
Rue Pierre Caille  7500 Tournai (Tournai)	50.6078663	3.3991829
Rue Pr√©s-Champs  4671 Blegny (Barchon)	NA	NA
Rue PrÈs-Champs  4671 Blegny (Barchon)	50.6629726	5.6917738
Rue Ransonnet  4020 Li√®ge (Li√®ge)	NA	NA
Rue Ransonnet  4020 LiËge (LiËge)	50.6438071	5.5869687
Rue S√©minaire  5150 Floreffe (Floreffe)	NA	NA
Rue Saint-Antoine  6740 Etalle (Etalle)	49.6758608	5.5997785
Rue Saint-Jacques  5500 Dinant (Dinant)	50.2628729	4.911417
Rue Sainte-Anne  4460 Gr‚ce-Hollogne (Hollogne-aux-Pierres)	NA	NA
Rue Sainte-Anne  4460 Gr√¢ce-Hollogne (Hollogne-aux-Pierres)	NA	NA
Rue Sainte-Brigide  5070 Fosses-la-Ville (Fosses-la-Ville)	50.3994946	4.7013921
Rue Samiette  1400 Nivelles (Nivelles)	50.5954075	4.3142348
Rue Simon Lobet  4800 Verviers (Verviers)	50.5853042	5.8707871
Rue sous le Ch‚teau 1A 5580 Rochefort (Rochefort)	NA	NA
Rue sous le Ch√¢teau 1A 5580 Rochefort (Rochefort)	NA	NA
Rue Verte  7000 Mons (Mons)	50.456183	3.9549571
Rue Verte Voie  4041 Herstal (Vottem)	NA	NA
Rue Wayez  1420 Braine-l'Alleud (Braine-l'Alleud)	50.6838751	4.368777
schaffensesteenweg  3583 beringen (paal)	51.0390853	5.1508937
Schavei  3090 Overijse (Overijse)	50.7743242	4.530674
Schiepse Bos  3600 Genk (Genk)	50.9579868	5.5213783
Schijnpoortweg  2170 Antwerpen (Merksem)	51.2323719	4.4416841
Schutterijstraat  9800 Deinze (Deinze)	50.9852465	3.5280982
Sint-Gerolflaan 12A 9880 Aalter (Aalter)	51.0866825	3.44752096754123
Sint-Jansvliet  2000 Antwerpen (Antwerpen)	51.2187608	4.3964332
Sint-Jozeflei  2390 Malle (Westmalle)	51.2988606	4.6930804
Sint-Lucaslaan  8310 Brugge (Assebroek)	51.185303	3.2469818
Sint-Maternuswal  3700 Tongeren (Tongeren)	50.7831806	5.4625622
Sint-Rembertlaan  8820 Torhout (Torhout)	51.0701519	3.0987369
Sint-Vincentiusstraat  2018 Antwerpen (Antwerpen)	51.2067823	4.4147062
Spoorweglaan  2610 Antwerpen (Wilrijk)	51.1735114	4.4233127
Staaien  3800 Sint-Truiden (Sint-Truiden)	50.8136133	5.1679145
Stadionlaan  3550 Heusden-Zolder (Zolder)	51.0396926	5.3175008
Stadionplein  3600 Genk (Waterschei-Zwartberg)	NA	NA
Stadsomvaart  3500 Hasselt (Hasselt)	50.9266007	5.34184
Stadsplein  3600 Genk (Genk)	50.9652633	5.4955093
Statiestraat  3290 Diest (Diest)	50.9890986	5.0511526
Stationsstraat  8650 Houthulst (Merkem)	50.9532152	2.8531949
Steenplein  2000 Antwerpen (Antwerpen)	51.221371	4.3970306
Steenvoordelaan  9050 Gent (Gentbrugge)	51.0356982	3.756864
Stefaan-Modest Glorieuxlaan  9600 Ronse (Ronse)	50.7528575	3.6017071
Stelenseweg  2440 Geel (Geel)	51.1564191	4.9864742
Strandweg  2275 Lille (Gierle)	51.2887615	4.8545285
Terbankstraat  3001 Leuven (Heverlee)	50.878674	4.662087
Thonetlaan  2050 Antwerpen (Antwerpen)	51.2314766	4.3917159
Thor Park  3600 Genk (Waterschei)	50.995	5.53689008295761
Tour Saint-Pierre  7900 Leuze-en-Hainaut (Leuze-en-Hainaut)	50.6004756	3.6214425
Turnhoutsebaan  2390 Malle (Oostmalle)	51.3014303	4.7473698
Twee-Bruggenstraat  8530 Harelbeke (Harelbeke)	50.8506531	3.3012255
Vanhamstraat  1501 Halle (Buizingen)	50.7517498	4.2558529
Velodroomstraat  8400 Oostende (Oostende)	51.22421	2.9054422
Veltwijcklaan  2180 Antwerpen (Ekeren)	51.2815384	4.4365139
Vennbahnstra√üe  4780 Sankt Vith (Sankt Vith)	NA	NA
Veurtstraat  2870 Puurs-Sint-Amands (Breendonk)	51.0385468	4.3260201
Vijfseweg  8790 Waregem (Waregem)	50.8934519	3.4257831
Vlasmarkt  3700 Tongeren (Tongeren)	50.7801345	5.4643272
Vlassenhout  9200 Dendermonde (Sint-Gillis-Bij-Dendermonde)	51.0323773	4.1320699
Vorselaarsebaan  2200 Herentals (Herentals)	51.1883054	4.8336846
Vredelaan  2490 Balen (Balen)	51.1709147	5.1751897
Vrijheidstraat  9300 Aalst (Aalst)	50.9387876	4.0329308
Warandestraat  9770 Kruisem (Kruishoutem)	50.8998933	3.5204155
Welvaartstraat  2530 Boechout (Boechout)	51.1630938	4.4847909
Zakkaai  9500 Geraardsbergen (Geraardsbergen)	50.7750326	3.8795969
Zandbergen  2480 Dessel (Dessel)	51.2310953	5.0723254
Zavelstraat  9190 Stekene (Stekene)	51.2056884	4.0520969
Zeelaan  8670 Koksijde (Koksijde)	51.1050071	2.6505269
Ziekenhuislaan  1500 Halle (Halle)	50.7334817	4.2289032
Zomerlei  2650 Edegem (Edegem)	51.1541295	4.4516077
Zomerstraat  2590 Berlaar (Berlaar)	51.1142045	4.6468142
Zoning Industriel 1√®re rue  6040 Charleroi (Jumet)	NA	NA
Zoning Industriel 1Ëre rue  6040 Charleroi (Jumet)	NA	NA
Zwarte Brugstraat  3500 Hasselt (Hasselt)	50.9441578	5.3285428
NA	NA	NA
